{
    "$schema": "https://schema.management.azure.com/schemas/2015-01-01/deploymentParameters.json#",
    "contentVersion": "1.0.0.0",
    "parameters": {
        "virtualMachines_iitj_vcc_vm_fallback_name": {
            "value": null
        },
        "availabilitySets_IIT_VCC_VM_AVLBLSET_externalid": {
            "value": null
        },
        "disks_iitj_vcc_vm_fallback_OsDisk_1_1daa5de8350942218462b800f9be8ecd_externalid": {
            "value": null
        },
        "networkInterfaces_iitj_vcc_vm_fallback784_externalid": {
            "value": null
        }
    }
}