{
    "$schema": "https://schema.management.azure.com/schemas/2015-01-01/deploymentParameters.json#",
    "contentVersion": "1.0.0.0",
    "parameters": {
        "virtualMachines_iitj_vcc_vm_standalone_name": {
            "value": null
        },
        "availabilitySets_IIT_VCC_VM_AVLBLSET_externalid": {
            "value": null
        },
        "disks_iitj_vcc_vm_standalone_OsDisk_1_b3210806ff144d4892d4292c231a16e1_externalid": {
            "value": null
        },
        "networkInterfaces_iitj_vcc_vm_standalone763_externalid": {
            "value": null
        }
    }
}