{
    "$schema": "https://schema.management.azure.com/schemas/2015-01-01/deploymentParameters.json#",
    "contentVersion": "1.0.0.0",
    "parameters": {
        "virtualMachineScaleSets_iitj_vcc_vm_scalesets_name": {
            "value": null
        },
        "networkSecurityGroups_basicNsgiitj_vcc_vnet_nic01_externalid": {
            "value": null
        },
        "virtualNetworks_iitj_vcc_vnet_externalid": {
            "value": null
        },
        "loadBalancers_iitj_vcc_loadbalancer_externalid": {
            "value": null
        },
        "disks_iitj_vcc_vm_scalesetiitj_vcc_vm_scalesetsOS__1_8e3e2659ef2a446080cb1989e87dd1e2_externalid": {
            "value": null
        },
        "disks_iitj_vcc_vm_scalesetiitj_vcc_vm_scalesetsOS__1_5b1043a85b9943edbf11decdc0f0f12b_externalid": {
            "value": null
        }
    }
}